ability_1,hidden_ability,name,pokedex_id,ability_2,ability_1_score,ability_2_score,hidden_ability_score,best_ability_score,has_crippling_ability
Overgrow,Chlorophyll,Bulbasaur,1,,1,0,4,4,0
Overgrow,Chlorophyll,Ivysaur,2,,1,0,4,4,0
Overgrow,Chlorophyll,Venusaur,3,,1,0,4,4,0
Blaze,Solar Power,Charmander,4,,1,0,2,2,0
Blaze,Solar Power,Charmeleon,5,,1,0,2,2,0
Blaze,Solar Power,Charizard,6,,1,0,2,2,0
Torrent,Rain Dish,Squirtle,7,,1,0,2,2,0
Torrent,Rain Dish,Wartortle,8,,1,0,2,2,0
Torrent,Rain Dish,Blastoise,9,,1,0,2,2,0
Shield Dust,Run Away,Caterpie,10,,1,0,1,1,0
Shed Skin,,Metapod,11,,3,0,0,3,0
Compound Eyes,Tinted Lens,Butterfree,12,,1,0,4,4,0
Shield Dust,Run Away,Weedle,13,,1,0,1,1,0
Shed Skin,,Kakuna,14,,3,0,0,3,0
Swarm,Sniper,Beedrill,15,,1,0,2,2,0
Keen Eye,Big Pecks,Pidgey,16,Tangled Feet,1,1,1,1,0
Keen Eye,Big Pecks,Pidgeotto,17,Tangled Feet,1,1,1,1,0
Keen Eye,Big Pecks,Pidgeot,18,Tangled Feet,1,1,1,1,0
Run Away,Hustle,Rattata,19,Guts,1,3,3,3,0
Run Away,Hustle,Raticate,20,Guts,1,3,3,3,0
Keen Eye,Sniper,Spearow,21,,1,0,2,2,0
Keen Eye,Sniper,Fearow,22,,1,0,2,2,0
Intimidate,Unnerve,Ekans,23,Shed Skin,5,3,2,5,0
Intimidate,Unnerve,Arbok,24,Shed Skin,5,3,2,5,0
Static,Lightning Rod,Pikachu,25,,2,0,3,3,0
Static,Lightning Rod,Pikachu Partner Pikachu,25,,2,0,3,3,0
Static,Lightning Rod,Raichu,26,,2,0,3,3,0
Sand Veil,Sand Rush,Sandshrew,27,,1,0,4,4,0
Sand Veil,Sand Rush,Sandslash,28,,1,0,4,4,0
Poison Point,Hustle,Nidoran♀,29,Rivalry,2,1,3,3,0
Poison Point,Hustle,Nidorina,30,Rivalry,2,1,3,3,0
Poison Point,Sheer Force,Nidoqueen,31,Rivalry,2,1,3,3,0
Poison Point,Hustle,Nidoran♂,32,Rivalry,2,1,3,3,0
Poison Point,Hustle,Nidorino,33,Rivalry,2,1,3,3,0
Poison Point,Sheer Force,Nidoking,34,Rivalry,2,1,3,3,0
Cute Charm,Friend Guard,Clefairy,35,Magic Guard,1,4,1,4,0
Cute Charm,Unaware,Clefable,36,Magic Guard,1,4,3,4,0
Flash Fire,Drought,Vulpix,37,,3,0,5,5,0
Flash Fire,Drought,Ninetales,38,,3,0,5,5,0
Cute Charm,Friend Guard,Jigglypuff,39,Competitive,1,3,1,3,0
Cute Charm,Frisk,Wigglytuff,40,Competitive,1,3,2,3,0
Inner Focus,Infiltrator,Zubat,41,,1,0,1,1,0
Inner Focus,Infiltrator,Golbat,42,,1,0,1,1,0
Chlorophyll,Run Away,Oddish,43,,4,0,1,4,0
Chlorophyll,Stench,Gloom,44,,4,0,1,4,0
Chlorophyll,Effect Spore,Vileplume,45,,4,0,2,4,0
Effect Spore,Damp,Paras,46,Dry Skin,2,2,1,2,0
Effect Spore,Damp,Parasect,47,Dry Skin,2,2,1,2,0
Compound Eyes,Run Away,Venonat,48,Tinted Lens,1,4,1,4,0
Shield Dust,Wonder Skin,Venomoth,49,Tinted Lens,1,4,1,4,0
Sand Veil,Sand Force,Diglett,50,Arena Trap,1,5,4,5,0
Sand Veil,Sand Force,Dugtrio,51,Arena Trap,1,5,4,5,0
Pickup,Unnerve,Meowth,52,Technician,1,3,2,3,0
Limber,Unnerve,Persian,53,Technician,1,3,2,3,0
Damp,Swift Swim,Psyduck,54,Cloud Nine,1,2,4,4,0
Damp,Swift Swim,Golduck,55,Cloud Nine,1,2,4,4,0
Vital Spirit,Defiant,Mankey,56,Anger Point,1,2,3,3,0
Vital Spirit,Defiant,Primeape,57,Anger Point,1,2,3,3,0
Intimidate,Justified,Growlithe,58,Flash Fire,5,3,2,5,0
Intimidate,Justified,Arcanine,59,Flash Fire,5,3,2,5,0
Water Absorb,Swift Swim,Poliwag,60,Damp,3,1,4,4,0
Water Absorb,Swift Swim,Poliwhirl,61,Damp,3,1,4,4,0
Water Absorb,Swift Swim,Poliwrath,62,Damp,3,1,4,4,0
Synchronize,Magic Guard,Abra,63,Inner Focus,2,1,4,4,0
Synchronize,Magic Guard,Kadabra,64,Inner Focus,2,1,4,4,0
Synchronize,Magic Guard,Alakazam,65,Inner Focus,2,1,4,4,0
Guts,Steadfast,Machop,66,No Guard,3,1,1,3,0
Guts,Steadfast,Machoke,67,No Guard,3,1,1,3,0
Guts,Steadfast,Machamp,68,No Guard,3,1,1,3,0
Chlorophyll,Gluttony,Bellsprout,69,,4,0,1,4,0
Chlorophyll,Gluttony,Weepinbell,70,,4,0,1,4,0
Chlorophyll,Gluttony,Victreebel,71,,4,0,1,4,0
Clear Body,Rain Dish,Tentacool,72,Liquid Ooze,1,1,2,2,0
Clear Body,Rain Dish,Tentacruel,73,Liquid Ooze,1,1,2,2,0
Rock Head,Sand Veil,Geodude,74,Sturdy,3,1,1,3,0
Rock Head,Sand Veil,Graveler,75,Sturdy,3,1,1,3,0
Rock Head,Sand Veil,Golem,76,Sturdy,3,1,1,3,0
Run Away,Flame Body,Ponyta,77,Flash Fire,1,3,2,3,0
Run Away,Flame Body,Rapidash,78,Flash Fire,1,3,2,3,0
Oblivious,Regenerator,Slowpoke,79,Own Tempo,1,2,5,5,0
Oblivious,Regenerator,Slowbro,80,Own Tempo,1,2,5,5,0
Magnet Pull,Analytic,Magnemite,81,Sturdy,1,1,2,2,0
Magnet Pull,Analytic,Magneton,82,Sturdy,1,1,2,2,0
Keen Eye,Defiant,Farfetch'd,83,Inner Focus,1,1,3,3,0
Run Away,Tangled Feet,Doduo,84,Early Bird,1,1,1,1,0
Run Away,Tangled Feet,Dodrio,85,Early Bird,1,1,1,1,0
Thick Fat,Ice Body,Seel,86,Hydration,3,2,2,3,0
Thick Fat,Ice Body,Dewgong,87,Hydration,3,2,2,3,0
Stench,Poison Touch,Grimer,88,Sticky Hold,1,1,1,1,0
Stench,Poison Touch,Muk,89,Sticky Hold,1,1,1,1,0
Shell Armor,Overcoat,Shellder,90,Skill Link,1,3,2,3,0
Shell Armor,Overcoat,Cloyster,91,Skill Link,1,3,2,3,0
Levitate,,Gastly,92,,5,0,0,5,0
Levitate,,Haunter,93,,5,0,0,5,0
Cursed Body,,Gengar,94,,2,0,0,2,0
Rock Head,Weak Armor,Onix,95,Sturdy,3,1,2,3,0
Insomnia,Inner Focus,Drowzee,96,Forewarn,1,1,1,1,0
Insomnia,Inner Focus,Hypno,97,Forewarn,1,1,1,1,0
Hyper Cutter,Sheer Force,Krabby,98,Shell Armor,1,1,3,3,0
Hyper Cutter,Sheer Force,Kingler,99,Shell Armor,1,1,3,3,0
Soundproof,Aftermath,Voltorb,100,Static,1,2,1,2,0
Soundproof,Aftermath,Electrode,101,Static,1,2,1,2,0
Chlorophyll,Harvest,Exeggcute,102,,4,0,2,4,0
Chlorophyll,Harvest,Exeggutor,103,,4,0,2,4,0
Rock Head,Battle Armor,Cubone,104,Lightning Rod,3,3,1,3,0
Rock Head,Battle Armor,Marowak,105,Lightning Rod,3,3,1,3,0
Limber,Unburden,Hitmonlee,106,Reckless,1,3,4,4,0
Keen Eye,Inner Focus,Hitmonchan,107,Iron Fist,1,3,1,3,0
Own Tempo,Cloud Nine,Lickitung,108,Oblivious,2,1,2,2,0
Levitate,Stench,Koffing,109,Neutralizing Gas,5,3,1,5,0
Levitate,Stench,Weezing,110,Neutralizing Gas,5,3,1,5,0
Lightning Rod,Reckless,Rhyhorn,111,Rock Head,3,3,3,3,0
Lightning Rod,Reckless,Rhydon,112,Rock Head,3,3,3,3,0
Natural Cure,Healer,Chansey,113,Serene Grace,3,3,1,3,0
Chlorophyll,Regenerator,Tangela,114,Leaf Guard,4,1,5,5,0
Early Bird,Inner Focus,Kangaskhan,115,Scrappy,1,2,1,2,0
Swift Swim,Damp,Horsea,116,Sniper,4,2,1,4,0
Poison Point,Damp,Seadra,117,Sniper,2,2,1,2,0
Swift Swim,Lightning Rod,Goldeen,118,Water Veil,4,1,3,4,0
Swift Swim,Lightning Rod,Seaking,119,Water Veil,4,1,3,4,0
Illuminate,Analytic,Staryu,120,Natural Cure,1,3,2,3,0
Illuminate,Analytic,Starmie,121,Natural Cure,1,3,2,3,0
Soundproof,Technician,Mr. Mime,122,Filter,1,2,3,3,0
Swarm,Steadfast,Scyther,123,Technician,1,3,1,3,0
Oblivious,Dry Skin,Jynx,124,Forewarn,1,1,2,2,0
Static,Vital Spirit,Electabuzz,125,,2,0,1,2,0
Flame Body,Vital Spirit,Magmar,126,,2,0,1,2,0
Hyper Cutter,Moxie,Pinsir,127,Mold Breaker,1,4,3,4,0
Intimidate,Sheer Force,Tauros,128,Anger Point,5,2,3,5,0
Intimidate,Sheer Force,Tauros Combat Breed,128,Anger Point,5,2,3,5,0
Intimidate,Sheer Force,Tauros Blaze Breed,128,Anger Point,5,2,3,5,0
Intimidate,Sheer Force,Tauros Aqua Breed,128,Anger Point,5,2,3,5,0
Swift Swim,Rattled,Magikarp,129,,4,0,2,4,0
Intimidate,Moxie,Gyarados,130,,5,0,3,5,0
Water Absorb,Hydration,Lapras,131,Shell Armor,3,1,2,3,0
Limber,Imposter,Ditto,132,,1,0,5,5,0
Run Away,Anticipation,Eevee,133,Adaptability,1,4,1,4,0
Run Away,Anticipation,Eevee Partner Eevee,133,Adaptability,1,4,1,4,0
Water Absorb,Hydration,Vaporeon,134,,3,0,2,3,0
Volt Absorb,Quick Feet,Jolteon,135,,3,0,2,3,0
Flash Fire,Guts,Flareon,136,,3,0,3,3,0
Trace,Analytic,Porygon,137,Download,3,4,2,4,0
Swift Swim,Weak Armor,Omanyte,138,Shell Armor,4,1,2,4,0
Swift Swim,Weak Armor,Omastar,139,Shell Armor,4,1,2,4,0
Swift Swim,Weak Armor,Kabuto,140,Battle Armor,4,1,2,4,0
Swift Swim,Weak Armor,Kabutops,141,Battle Armor,4,1,2,4,0
Rock Head,Unnerve,Aerodactyl,142,Pressure,3,2,2,3,0
Immunity,Gluttony,Snorlax,143,Thick Fat,1,3,1,3,0
Pressure,Snow Cloak,Articuno,144,,2,0,1,2,0
Pressure,Static,Zapdos,145,,2,0,2,2,0
Pressure,Flame Body,Moltres,146,,2,0,2,2,0
Shed Skin,Marvel Scale,Dratini,147,,3,0,2,3,0
Shed Skin,Marvel Scale,Dragonair,148,,3,0,2,3,0
Inner Focus,Multiscale,Dragonite,149,,1,0,5,5,0
Pressure,Unnerve,Mewtwo,150,,2,0,2,2,0
Synchronize,,Mew,151,,2,0,0,2,0
Overgrow,Leaf Guard,Chikorita,152,,1,0,1,1,0
Overgrow,Leaf Guard,Bayleef,153,,1,0,1,1,0
Blaze,Flash Fire,Cyndaquil,155,,1,0,3,3,0
Blaze,Flash Fire,Quilava,156,,1,0,3,3,0
Blaze,Flash Fire,Typhlosion,157,,1,0,3,3,0
Torrent,Sheer Force,Totodile,158,,1,0,3,3,0
Torrent,Sheer Force,Croconaw,159,,1,0,3,3,0
Torrent,Sheer Force,Feraligatr,160,,1,0,3,3,0
Run Away,Frisk,Sentret,161,Keen Eye,1,1,2,2,0
Run Away,Frisk,Furret,162,Keen Eye,1,1,2,2,0
Insomnia,Tinted Lens,Hoothoot,163,Keen Eye,1,1,4,4,0
Insomnia,Tinted Lens,Noctowl,164,Keen Eye,1,1,4,4,0
Swarm,Rattled,Ledyba,165,Early Bird,1,1,2,2,0
Swarm,Iron Fist,Ledian,166,Early Bird,1,1,3,3,0
Swarm,Sniper,Spinarak,167,Insomnia,1,1,2,2,0
Swarm,Sniper,Ariados,168,Insomnia,1,1,2,2,0
Inner Focus,Infiltrator,Crobat,169,,1,0,1,1,0
Volt Absorb,Water Absorb,Chinchou,170,Illuminate,3,1,3,3,0
Volt Absorb,Water Absorb,Lanturn,171,Illuminate,3,1,3,3,0
Static,Lightning Rod,Pichu,172,,2,0,3,3,0
Cute Charm,Friend Guard,Cleffa,173,Magic Guard,1,4,1,4,0
Cute Charm,Friend Guard,Igglybuff,174,Competitive,1,3,1,3,0
Hustle,Super Luck,Togepi,175,Serene Grace,3,3,2,3,0
Hustle,Super Luck,Togetic,176,Serene Grace,3,3,2,3,0
Synchronize,Magic Bounce,Natu,177,Early Bird,2,1,5,5,0
Synchronize,Magic Bounce,Xatu,178,Early Bird,2,1,5,5,0
Static,Plus,Mareep,179,,2,0,1,2,0
Static,Plus,Flaaffy,180,,2,0,1,2,0
Static,Plus,Ampharos,181,,2,0,1,2,0
Chlorophyll,Healer,Bellossom,182,,4,0,1,4,0
Thick Fat,Sap Sipper,Marill,183,Huge Power,3,5,3,5,0
Thick Fat,Sap Sipper,Azumarill,184,Huge Power,3,5,3,5,0
Sturdy,Rattled,Sudowoodo,185,Rock Head,1,3,2,3,0
Water Absorb,Drizzle,Politoed,186,Damp,3,1,5,5,0
Chlorophyll,Infiltrator,Hoppip,187,Leaf Guard,4,1,1,4,0
Chlorophyll,Infiltrator,Skiploom,188,Leaf Guard,4,1,1,4,0
Chlorophyll,Infiltrator,Jumpluff,189,Leaf Guard,4,1,1,4,0
Run Away,Skill Link,Aipom,190,Pickup,1,1,3,3,0
Chlorophyll,Early Bird,Sunkern,191,Solar Power,4,2,1,4,0
Chlorophyll,Early Bird,Sunflora,192,Solar Power,4,2,1,4,0
Speed Boost,Frisk,Yanma,193,Compound Eyes,5,1,2,5,0
Damp,Unaware,Wooper,194,Water Absorb,1,3,3,3,0
Damp,Unaware,Quagsire,195,Water Absorb,1,3,3,3,0
Synchronize,Magic Bounce,Espeon,196,,2,0,5,5,0
Synchronize,Inner Focus,Umbreon,197,,2,0,1,2,0
Insomnia,Prankster,Murkrow,198,Super Luck,1,2,4,4,0
Oblivious,Regenerator,Slowking,199,Own Tempo,1,2,5,5,0
Levitate,,Misdreavus,200,,5,0,0,5,0
Levitate,,Unown,201,,5,0,0,5,0
Shadow Tag,Telepathy,Wobbuffet,202,,5,0,1,5,0
Inner Focus,Sap Sipper,Girafarig,203,Early Bird,1,1,3,3,0
Sturdy,Overcoat,Pineco,204,,1,0,2,2,0
Sturdy,Overcoat,Forretress,205,,1,0,2,2,0
Serene Grace,Rattled,Dunsparce,206,Run Away,3,1,2,3,0
Hyper Cutter,Immunity,Gligar,207,Sand Veil,1,1,1,1,0
Rock Head,Sheer Force,Steelix,208,Sturdy,3,1,3,3,0
Intimidate,Rattled,Snubbull,209,Run Away,5,1,2,5,0
Intimidate,Rattled,Granbull,210,Quick Feet,5,2,2,5,0
Poison Point,Intimidate,Qwilfish,211,Swift Swim,2,4,5,5,0
Swarm,Light Metal,Scizor,212,Technician,1,3,1,3,0
Sturdy,Contrary,Shuckle,213,Gluttony,1,1,4,4,0
Swarm,Moxie,Heracross,214,Guts,1,3,3,3,0
Inner Focus,Pickpocket,Sneasel,215,Keen Eye,1,1,1,1,0
Pickup,Honey Gather,Teddiursa,216,Quick Feet,1,2,1,2,0
Guts,Unnerve,Ursaring,217,Quick Feet,3,2,2,3,0
Magma Armor,Weak Armor,Slugma,218,Flame Body,1,2,2,2,0
Magma Armor,Weak Armor,Magcargo,219,Flame Body,1,2,2,2,0
Oblivious,Thick Fat,Swinub,220,Snow Cloak,1,1,3,3,0
Oblivious,Thick Fat,Piloswine,221,Snow Cloak,1,1,3,3,0
Hustle,Regenerator,Corsola,222,Natural Cure,3,3,5,5,0
Hustle,Moody,Remoraid,223,Sniper,3,2,4,4,0
Suction Cups,Moody,Octillery,224,Sniper,1,2,4,4,0
Vital Spirit,Insomnia,Delibird,225,Hustle,1,3,1,3,0
Swift Swim,Water Veil,Mantine,226,Water Absorb,4,3,1,4,0
Keen Eye,Weak Armor,Skarmory,227,Sturdy,1,1,2,2,0
Early Bird,Unnerve,Houndour,228,Flash Fire,1,3,2,3,0
Early Bird,Unnerve,Houndoom,229,Flash Fire,1,3,2,3,0
Swift Swim,Damp,Kingdra,230,Sniper,4,2,1,4,0
Pickup,Sand Veil,Phanpy,231,,1,0,1,1,0
Sturdy,Sand Veil,Donphan,232,,1,0,1,1,0
Trace,Analytic,Porygon2,233,Download,3,4,2,4,0
Intimidate,Sap Sipper,Stantler,234,Frisk,5,2,3,5,0
Own Tempo,Moody,Smeargle,235,Technician,2,3,4,4,0
Guts,Vital Spirit,Tyrogue,236,Steadfast,3,1,1,3,0
Intimidate,Steadfast,Hitmontop,237,Technician,5,3,1,5,0
Oblivious,Hydration,Smoochum,238,Forewarn,1,1,2,2,0
Static,Vital Spirit,Elekid,239,,2,0,1,2,0
Flame Body,Vital Spirit,Magby,240,,2,0,1,2,0
Thick Fat,Sap Sipper,Miltank,241,Scrappy,3,2,3,3,0
Natural Cure,Healer,Blissey,242,Serene Grace,3,3,1,3,0
Pressure,Inner Focus,Raikou,243,,2,0,1,2,0
Pressure,Inner Focus,Entei,244,,2,0,1,2,0
Pressure,Inner Focus,Suicune,245,,2,0,1,2,0
Guts,Sand Veil,Larvitar,246,,3,0,1,3,0
Shed Skin,,Pupitar,247,,3,0,0,3,0
Sand Stream,Unnerve,Tyranitar,248,,5,0,2,5,0
Pressure,Multiscale,Lugia,249,,2,0,5,5,0
Pressure,Regenerator,Ho-oh,250,,2,0,5,5,0
Natural Cure,,Celebi,251,,3,0,0,3,0
Overgrow,Unburden,Treecko,252,,1,0,4,4,0
Overgrow,Unburden,Grovyle,253,,1,0,4,4,0
Overgrow,Unburden,Sceptile,254,,1,0,4,4,0
Blaze,Speed Boost,Torchic,255,,1,0,5,5,0
Blaze,Speed Boost,Combusken,256,,1,0,5,5,0
Blaze,Speed Boost,Blaziken,257,,1,0,5,5,0
Torrent,Damp,Mudkip,258,,1,0,1,1,0
Torrent,Damp,Marshtomp,259,,1,0,1,1,0
Torrent,Damp,Swampert,260,,1,0,1,1,0
Run Away,Rattled,Poochyena,261,Quick Feet,1,2,2,2,0
Intimidate,Moxie,Mightyena,262,Quick Feet,5,2,3,5,0
Pickup,Quick Feet,Zigzagoon,263,Gluttony,1,1,2,2,0
Pickup,Quick Feet,Linoone,264,Gluttony,1,1,2,2,0
Shield Dust,Run Away,Wurmple,265,,1,0,1,1,0
Shed Skin,,Silcoon,266,,3,0,0,3,0
Swarm,Rivalry,Beautifly,267,,1,0,1,1,0
Shed Skin,,Cascoon,268,,3,0,0,3,0
Shield Dust,Compound Eyes,Dustox,269,,1,0,1,1,0
Swift Swim,Own Tempo,Lotad,270,Rain Dish,4,2,2,4,0
Swift Swim,Own Tempo,Lombre,271,Rain Dish,4,2,2,4,0
Swift Swim,Own Tempo,Ludicolo,272,Rain Dish,4,2,2,4,0
Chlorophyll,Pickpocket,Seedot,273,Early Bird,4,1,1,4,0
Chlorophyll,Pickpocket,Nuzleaf,274,Early Bird,4,1,1,4,0
Chlorophyll,Pickpocket,Shiftry,275,Wind Rider,4,1,1,4,0
Guts,Scrappy,Taillow,276,,3,0,2,3,0
Guts,Scrappy,Swellow,277,,3,0,2,3,0
Keen Eye,Rain Dish,Wingull,278,Hydration,1,2,2,2,0
Keen Eye,Rain Dish,Pelipper,279,Drizzle,1,5,2,5,0
Synchronize,Telepathy,Ralts,280,Trace,2,3,1,3,0
Synchronize,Telepathy,Kirlia,281,Trace,2,3,1,3,0
Synchronize,Telepathy,Gardevoir,282,Trace,2,3,1,3,0
Swift Swim,Rain Dish,Surskit,283,,4,0,2,4,0
Intimidate,Unnerve,Masquerain,284,,5,0,2,5,0
Effect Spore,Quick Feet,Shroomish,285,Poison Heal,2,1,2,2,0
Effect Spore,Technician,Breloom,286,Poison Heal,2,1,3,3,0
Truant,,Slakoth,287,,-3,0,0,0,1
Vital Spirit,,Vigoroth,288,,1,0,0,1,0
Truant,,Slaking,289,,-3,0,0,0,1
Compound Eyes,Run Away,Nincada,290,,1,0,1,1,0
Speed Boost,Infiltrator,Ninjask,291,,5,0,1,5,0
Wonder Guard,,Shedinja,292,,5,0,0,5,0
Soundproof,Rattled,Whismur,293,,1,0,2,2,0
Soundproof,Scrappy,Loudred,294,,1,0,2,2,0
Soundproof,Scrappy,Exploud,295,,1,0,2,2,0
Thick Fat,Sheer Force,Makuhita,296,Guts,3,3,3,3,0
Thick Fat,Sheer Force,Hariyama,297,Guts,3,3,3,3,0
Thick Fat,Sap Sipper,Azurill,298,Huge Power,3,5,3,5,0
Sturdy,Sand Force,Nosepass,299,Magnet Pull,1,1,4,4,0
Cute Charm,Wonder Skin,Skitty,300,Normalize,1,1,1,1,0
Cute Charm,Wonder Skin,Delcatty,301,Normalize,1,1,1,1,0
Keen Eye,Prankster,Sableye,302,Stall,1,-2,4,4,1
Hyper Cutter,Sheer Force,Mawile,303,Intimidate,1,5,3,5,0
Sturdy,Heavy Metal,Aron,304,Rock Head,1,3,-1,3,0
Sturdy,Heavy Metal,Lairon,305,Rock Head,1,3,-1,3,0
Sturdy,Heavy Metal,Aggron,306,Rock Head,1,3,-1,3,0
Pure Power,Telepathy,Meditite,307,,5,0,1,5,0
Pure Power,Telepathy,Medicham,308,,5,0,1,5,0
Static,Minus,Electrike,309,Lightning Rod,2,3,1,3,0
Static,Minus,Manectric,310,Lightning Rod,2,3,1,3,0
Plus,Lightning Rod,Plusle,311,,1,0,3,3,0
Minus,Volt Absorb,Minun,312,,1,0,3,3,0
Illuminate,Prankster,Volbeat,313,Swarm,1,1,4,4,0
Oblivious,Prankster,Illumise,314,Tinted Lens,1,4,4,4,0
Natural Cure,Leaf Guard,Roselia,315,Poison Point,3,2,1,3,0
Liquid Ooze,Gluttony,Gulpin,316,Sticky Hold,1,1,1,1,0
Liquid Ooze,Gluttony,Swalot,317,Sticky Hold,1,1,1,1,0
Rough Skin,Speed Boost,Carvanha,318,,2,0,5,5,0
Rough Skin,Speed Boost,Sharpedo,319,,2,0,5,5,0
Water Veil,Pressure,Wailmer,320,Oblivious,1,1,2,2,0
Water Veil,Pressure,Wailord,321,Oblivious,1,1,2,2,0
Oblivious,Own Tempo,Numel,322,Simple,1,2,2,2,0
Magma Armor,Anger Point,Camerupt,323,Solid Rock,1,2,2,2,0
White Smoke,Shell Armor,Torkoal,324,Drought,1,5,1,5,0
Thick Fat,Gluttony,Spoink,325,Own Tempo,3,2,1,3,0
Thick Fat,Gluttony,Grumpig,326,Own Tempo,3,2,1,3,0
Own Tempo,Contrary,Spinda,327,Tangled Feet,2,1,4,4,0
Hyper Cutter,Sheer Force,Trapinch,328,Arena Trap,1,5,3,5,0
Levitate,,Vibrava,329,,5,0,0,5,0
Levitate,,Flygon,330,,5,0,0,5,0
Sand Veil,Water Absorb,Cacnea,331,,1,0,3,3,0
Sand Veil,Water Absorb,Cacturne,332,,1,0,3,3,0
Natural Cure,Cloud Nine,Swablu,333,,3,0,2,3,0
Natural Cure,Cloud Nine,Altaria,334,,3,0,2,3,0
Immunity,Toxic Boost,Zangoose,335,,1,0,2,2,0
Shed Skin,Infiltrator,Seviper,336,,3,0,1,3,0
Levitate,,Lunatone,337,,5,0,0,5,0
Levitate,,Solrock,338,,5,0,0,5,0
Oblivious,Hydration,Barboach,339,Anticipation,1,1,2,2,0
Oblivious,Hydration,Whiscash,340,Anticipation,1,1,2,2,0
Hyper Cutter,Adaptability,Corphish,341,Shell Armor,1,1,4,4,0
Hyper Cutter,Adaptability,Crawdaunt,342,Shell Armor,1,1,4,4,0
Levitate,,Baltoy,343,,5,0,0,5,0
Levitate,,Claydol,344,,5,0,0,5,0
Suction Cups,Storm Drain,Lileep,345,,1,0,3,3,0
Suction Cups,Storm Drain,Cradily,346,,1,0,3,3,0
Battle Armor,Swift Swim,Anorith,347,,1,0,4,4,0
Battle Armor,Swift Swim,Armaldo,348,,1,0,4,4,0
Swift Swim,Adaptability,Feebas,349,Oblivious,4,1,4,4,0
Marvel Scale,Cute Charm,Milotic,350,Competitive,2,3,1,3,0
Forecast,,Castform,351,,1,0,0,1,0
Color Change,Protean,Kecleon,352,,1,0,5,5,0
Insomnia,Cursed Body,Shuppet,353,Frisk,1,2,2,2,0
Insomnia,Cursed Body,Banette,354,Frisk,1,2,2,2,0
Levitate,Frisk,Duskull,355,,5,0,2,5,0
Pressure,Frisk,Dusclops,356,,2,0,2,2,0
Chlorophyll,Harvest,Tropius,357,Solar Power,4,2,2,4,0
Levitate,,Chimecho,358,,5,0,0,5,0
Pressure,Justified,Absol,359,Super Luck,2,2,2,2,0
Shadow Tag,Telepathy,Wynaut,360,,5,0,1,5,0
Inner Focus,Moody,Snorunt,361,Ice Body,1,2,4,4,0
Inner Focus,Moody,Glalie,362,Ice Body,1,2,4,4,0
Thick Fat,Oblivious,Spheal,363,Ice Body,3,2,1,3,0
Thick Fat,Oblivious,Sealeo,364,Ice Body,3,2,1,3,0
Thick Fat,Oblivious,Walrein,365,Ice Body,3,2,1,3,0
Shell Armor,Rattled,Clamperl,366,,1,0,2,2,0
Swift Swim,Water Veil,Huntail,367,,4,0,1,4,0
Swift Swim,Hydration,Gorebyss,368,,4,0,2,4,0
Swift Swim,Sturdy,Relicanth,369,Rock Head,4,3,1,4,0
Swift Swim,Hydration,Luvdisc,370,,4,0,2,4,0
Rock Head,Sheer Force,Bagon,371,,3,0,3,3,0
Rock Head,Overcoat,Shelgon,372,,3,0,2,3,0
Intimidate,Moxie,Salamence,373,,5,0,3,5,0
Clear Body,Light Metal,Beldum,374,,1,0,1,1,0
Clear Body,Light Metal,Metang,375,,1,0,1,1,0
Clear Body,Light Metal,Metagross,376,,1,0,1,1,0
Clear Body,Sturdy,Regirock,377,,1,0,1,1,0
Clear Body,Ice Body,Regice,378,,1,0,2,2,0
Clear Body,Light Metal,Registeel,379,,1,0,1,1,0
Levitate,,Latias,380,,5,0,0,5,0
Levitate,,Latios,381,,5,0,0,5,0
Drizzle,,Kyogre,382,,5,0,0,5,0
Drought,,Groudon,383,,5,0,0,5,0
Air Lock,,Rayquaza,384,,2,0,0,2,0
Serene Grace,,Jirachi,385,,3,0,0,3,0
Overgrow,Shell Armor,Turtwig,387,,1,0,1,1,0
Overgrow,Shell Armor,Grotle,388,,1,0,1,1,0
Overgrow,Shell Armor,Torterra,389,,1,0,1,1,0
Blaze,Iron Fist,Chimchar,390,,1,0,3,3,0
Blaze,Iron Fist,Monferno,391,,1,0,3,3,0
Blaze,Iron Fist,Infernape,392,,1,0,3,3,0
Torrent,Competitive,Piplup,393,,1,0,3,3,0
Torrent,Competitive,Prinplup,394,,1,0,3,3,0
Torrent,Competitive,Empoleon,395,,1,0,3,3,0
Keen Eye,Reckless,Starly,396,,1,0,3,3,0
Intimidate,Reckless,Staravia,397,,5,0,3,5,0
Intimidate,Reckless,Staraptor,398,,5,0,3,5,0
Simple,Moody,Bidoof,399,Unaware,2,3,4,4,0
Simple,Moody,Bibarel,400,Unaware,2,3,4,4,0
Shed Skin,Run Away,Kricketot,401,,3,0,1,3,0
Swarm,Technician,Kricketune,402,,1,0,3,3,0
Rivalry,Guts,Shinx,403,Intimidate,1,5,3,5,0
Rivalry,Guts,Luxio,404,Intimidate,1,5,3,5,0
Rivalry,Guts,Luxray,405,Intimidate,1,5,3,5,0
Natural Cure,Leaf Guard,Budew,406,Poison Point,3,2,1,3,0
Natural Cure,Technician,Roserade,407,Poison Point,3,2,3,3,0
Mold Breaker,Sheer Force,Cranidos,408,,4,0,3,4,0
Mold Breaker,Sheer Force,Rampardos,409,,4,0,3,4,0
Sturdy,Soundproof,Shieldon,410,,1,0,1,1,0
Sturdy,Soundproof,Bastiodon,411,,1,0,1,1,0
Swarm,Tinted Lens,Mothim,414,,1,0,4,4,0
Honey Gather,Hustle,Combee,415,,1,0,3,3,0
Pressure,Unnerve,Vespiquen,416,,2,0,2,2,0
Run Away,Volt Absorb,Pachirisu,417,Pickup,1,1,3,3,0
Swift Swim,Water Veil,Buizel,418,,4,0,1,4,0
Swift Swim,Water Veil,Floatzel,419,,4,0,1,4,0
Chlorophyll,,Cherubi,420,,4,0,0,4,0
Flower Gift,,Cherrim,421,,1,0,0,1,0
Sticky Hold,Sand Force,Shellos,422,Storm Drain,1,3,4,4,0
Sticky Hold,Sand Force,Gastrodon,423,Storm Drain,1,3,4,4,0
Technician,Skill Link,Ambipom,424,Pickup,3,1,3,3,0
Aftermath,Flare Boost,Drifloon,425,Unburden,1,4,2,4,0
Aftermath,Flare Boost,Drifblim,426,Unburden,1,4,2,4,0
Run Away,Limber,Buneary,427,Klutz,1,-2,1,1,1
Cute Charm,Limber,Lopunny,428,Klutz,1,-2,1,1,1
Levitate,,Mismagius,429,,5,0,0,5,0
Insomnia,Moxie,Honchkrow,430,Super Luck,1,2,3,3,0
Limber,Keen Eye,Glameow,431,Own Tempo,1,2,1,2,0
Thick Fat,Defiant,Purugly,432,Own Tempo,3,2,3,3,0
Levitate,,Chingling,433,,5,0,0,5,0
Stench,Keen Eye,Stunky,434,Aftermath,1,1,1,1,0
Stench,Keen Eye,Skuntank,435,Aftermath,1,1,1,1,0
Levitate,Heavy Metal,Bronzor,436,Heatproof,5,2,-1,5,0
Levitate,Heavy Metal,Bronzong,437,Heatproof,5,2,-1,5,0
Sturdy,Rattled,Bonsly,438,Rock Head,1,3,2,3,0
Soundproof,Technician,Mime Jr.,439,Filter,1,2,3,3,0
Natural Cure,Friend Guard,Happiny,440,Serene Grace,3,3,1,3,0
Keen Eye,Big Pecks,Chatot,441,Tangled Feet,1,1,1,1,0
Pressure,Infiltrator,Spiritomb,442,,2,0,1,2,0
Sand Veil,Rough Skin,Gible,443,,1,0,2,2,0
Sand Veil,Rough Skin,Gabite,444,,1,0,2,2,0
Sand Veil,Rough Skin,Garchomp,445,,1,0,2,2,0
Pickup,Gluttony,Munchlax,446,Thick Fat,1,3,1,3,0
Steadfast,Prankster,Riolu,447,Inner Focus,1,1,4,4,0
Steadfast,Justified,Lucario,448,Inner Focus,1,1,2,2,0
Sand Stream,Sand Force,Hippopotas,449,,5,0,4,5,0
Sand Stream,Sand Force,Hippowdon,450,,5,0,4,5,0
Battle Armor,Keen Eye,Skorupi,451,Sniper,1,2,1,2,0
Battle Armor,Keen Eye,Drapion,452,Sniper,1,2,1,2,0
Anticipation,Poison Touch,Croagunk,453,Dry Skin,1,2,1,2,0
Anticipation,Poison Touch,Toxicroak,454,Dry Skin,1,2,1,2,0
Levitate,,Carnivine,455,,5,0,0,5,0
Swift Swim,Water Veil,Finneon,456,Storm Drain,4,3,1,4,0
Swift Swim,Water Veil,Lumineon,457,Storm Drain,4,3,1,4,0
Swift Swim,Water Veil,Mantyke,458,Water Absorb,4,3,1,4,0
Snow Warning,Soundproof,Snover,459,,5,0,1,5,0
Snow Warning,Soundproof,Abomasnow,460,,5,0,1,5,0
Pressure,Pickpocket,Weavile,461,,2,0,1,2,0
Magnet Pull,Analytic,Magnezone,462,Sturdy,1,1,2,2,0
Own Tempo,Cloud Nine,Lickilicky,463,Oblivious,2,1,2,2,0
Lightning Rod,Reckless,Rhyperior,464,Solid Rock,3,2,3,3,0
Chlorophyll,Regenerator,Tangrowth,465,Leaf Guard,4,1,5,5,0
Motor Drive,Vital Spirit,Electivire,466,,3,0,1,3,0
Flame Body,Vital Spirit,Magmortar,467,,2,0,1,2,0
Hustle,Super Luck,Togekiss,468,Serene Grace,3,3,2,3,0
Speed Boost,Frisk,Yanmega,469,Tinted Lens,5,4,2,5,0
Leaf Guard,Chlorophyll,Leafeon,470,,1,0,4,4,0
Snow Cloak,Ice Body,Glaceon,471,,1,0,2,2,0
Hyper Cutter,Poison Heal,Gliscor,472,Sand Veil,1,1,1,1,0
Oblivious,Thick Fat,Mamoswine,473,Snow Cloak,1,1,3,3,0
Adaptability,Analytic,Porygon-Z,474,Download,4,4,2,4,0
Steadfast,Justified,Gallade,475,Sharpness,1,1,2,2,0
Sturdy,Sand Force,Probopass,476,Magnet Pull,1,1,4,4,0
Pressure,Frisk,Dusknoir,477,,2,0,2,2,0
Snow Cloak,Cursed Body,Froslass,478,,1,0,2,2,0
Levitate,,Rotom,479,,5,0,0,5,0
Levitate,,Rotom Heat Rotom,479,,5,0,0,5,0
Levitate,,Rotom Wash Rotom,479,,5,0,0,5,0
Levitate,,Rotom Frost Rotom,479,,5,0,0,5,0
Levitate,,Rotom Fan Rotom,479,,5,0,0,5,0
Levitate,,Rotom Mow Rotom,479,,5,0,0,5,0
Levitate,,Uxie,480,,5,0,0,5,0
Levitate,,Mesprit,481,,5,0,0,5,0
Levitate,,Azelf,482,,5,0,0,5,0
Pressure,Telepathy,Dialga,483,,2,0,1,2,0
Pressure,Telepathy,Palkia,484,,2,0,1,2,0
Flash Fire,Flame Body,Heatran,485,,3,0,2,3,0
Slow Start,,Regigigas,486,,-3,0,0,0,1
Pressure,Telepathy,Giratina Altered Forme,487,,2,0,1,2,0
Levitate,,Cresselia,488,,5,0,0,5,0
Hydration,,Phione,489,,2,0,0,2,0
Hydration,,Manaphy,490,,2,0,0,2,0
Bad Dreams,,Darkrai,491,,1,0,0,1,0
Multitype,,Arceus,493,,1,0,0,1,0
Victory Star,,Victini,494,,1,0,0,1,0
Overgrow,Contrary,Snivy,495,,1,0,4,4,0
Overgrow,Contrary,Servine,496,,1,0,4,4,0
Overgrow,Contrary,Serperior,497,,1,0,4,4,0
Blaze,Thick Fat,Tepig,498,,1,0,3,3,0
Blaze,Thick Fat,Pignite,499,,1,0,3,3,0
Blaze,Reckless,Emboar,500,,1,0,3,3,0
Torrent,Shell Armor,Oshawott,501,,1,0,1,1,0
Torrent,Shell Armor,Dewott,502,,1,0,1,1,0
Torrent,Shell Armor,Samurott,503,,1,0,1,1,0
Run Away,Analytic,Patrat,504,Keen Eye,1,1,2,2,0
Illuminate,Analytic,Watchog,505,Keen Eye,1,1,2,2,0
Vital Spirit,Run Away,Lillipup,506,Pickup,1,1,1,1,0
Intimidate,Scrappy,Herdier,507,Sand Rush,5,4,2,5,0
Intimidate,Scrappy,Stoutland,508,Sand Rush,5,4,2,5,0
Limber,Prankster,Purrloin,509,Unburden,1,4,4,4,0
Limber,Prankster,Liepard,510,Unburden,1,4,4,4,0
Gluttony,Overgrow,Pansage,511,,1,0,1,1,0
Gluttony,Overgrow,Simisage,512,,1,0,1,1,0
Gluttony,Blaze,Pansear,513,,1,0,1,1,0
Gluttony,Blaze,Simisear,514,,1,0,1,1,0
Gluttony,Torrent,Panpour,515,,1,0,1,1,0
Gluttony,Torrent,Simipour,516,,1,0,1,1,0
Forewarn,Telepathy,Munna,517,Synchronize,1,2,1,2,0
Forewarn,Telepathy,Musharna,518,Synchronize,1,2,1,2,0
Big Pecks,Rivalry,Pidove,519,Super Luck,1,2,1,2,0
Big Pecks,Rivalry,Tranquill,520,Super Luck,1,2,1,2,0
Big Pecks,Rivalry,Unfezant,521,Super Luck,1,2,1,2,0
Lightning Rod,Sap Sipper,Blitzle,522,Motor Drive,3,3,3,3,0
Lightning Rod,Sap Sipper,Zebstrika,523,Motor Drive,3,3,3,3,0
Sturdy,Sand Force,Roggenrola,524,Weak Armor,1,2,4,4,0
Sturdy,Sand Force,Boldore,525,Weak Armor,1,2,4,4,0
Sturdy,Sand Force,Gigalith,526,Sand Stream,1,5,4,5,0
Unaware,Simple,Woobat,527,Klutz,3,-2,2,3,1
Unaware,Simple,Swoobat,528,Klutz,3,-2,2,3,1
Sand Rush,Mold Breaker,Drilbur,529,Sand Force,4,4,4,4,0
Sand Rush,Mold Breaker,Excadrill,530,Sand Force,4,4,4,4,0
Healer,Klutz,Audino,531,Regenerator,1,5,-2,5,1
Guts,Iron Fist,Timburr,532,Sheer Force,3,3,3,3,0
Guts,Iron Fist,Gurdurr,533,Sheer Force,3,3,3,3,0
Guts,Iron Fist,Conkeldurr,534,Sheer Force,3,3,3,3,0
Swift Swim,Water Absorb,Tympole,535,Hydration,4,2,3,4,0
Swift Swim,Water Absorb,Palpitoad,536,Hydration,4,2,3,4,0
Swift Swim,Water Absorb,Seismitoad,537,Poison Touch,4,1,3,4,0
Guts,Mold Breaker,Throh,538,Inner Focus,3,1,4,4,0
Sturdy,Mold Breaker,Sawk,539,Inner Focus,1,1,4,4,0
Swarm,Overcoat,Sewaddle,540,Chlorophyll,1,4,2,4,0
Leaf Guard,Overcoat,Swadloon,541,Chlorophyll,1,4,2,4,0
Swarm,Overcoat,Leavanny,542,Chlorophyll,1,4,2,4,0
Poison Point,Speed Boost,Venipede,543,Swarm,2,1,5,5,0
Poison Point,Speed Boost,Whirlipede,544,Swarm,2,1,5,5,0
Poison Point,Speed Boost,Scolipede,545,Swarm,2,1,5,5,0
Prankster,Chlorophyll,Cottonee,546,Infiltrator,4,1,4,4,0
Prankster,Chlorophyll,Whimsicott,547,Infiltrator,4,1,4,4,0
Chlorophyll,Leaf Guard,Petilil,548,Own Tempo,4,2,1,4,0
Chlorophyll,Leaf Guard,Lilligant,549,Own Tempo,4,2,1,4,0
Reckless,Mold Breaker,Basculin Red-Striped Form,550,Adaptability,3,4,4,4,0
Intimidate,Anger Point,Sandile,551,Moxie,5,3,2,5,0
Intimidate,Anger Point,Krokorok,552,Moxie,5,3,2,5,0
Intimidate,Anger Point,Krookodile,553,Moxie,5,3,2,5,0
Hustle,Inner Focus,Darumaka,554,,3,0,1,3,0
Sheer Force,Zen Mode,Darmanitan Standard Mode,555,,3,0,-1,3,0
Water Absorb,Storm Drain,Maractus,556,Chlorophyll,3,4,3,4,0
Sturdy,Weak Armor,Dwebble,557,Shell Armor,1,1,2,2,0
Sturdy,Weak Armor,Crustle,558,Shell Armor,1,1,2,2,0
Shed Skin,Intimidate,Scraggy,559,Moxie,3,3,5,5,0
Shed Skin,Intimidate,Scrafty,560,Moxie,3,3,5,5,0
Wonder Skin,Tinted Lens,Sigilyph,561,Magic Guard,1,4,4,4,0
Mummy,,Yamask,562,,1,0,0,1,0
Mummy,,Cofagrigus,563,,1,0,0,1,0
Solid Rock,Swift Swim,Tirtouga,564,Sturdy,2,1,4,4,0
Solid Rock,Swift Swim,Carracosta,565,Sturdy,2,1,4,4,0
Defeatist,,Archen,566,,-3,0,0,0,1
Defeatist,,Archeops,567,,-3,0,0,0,1
Stench,Aftermath,Trubbish,568,Sticky Hold,1,1,1,1,0
Stench,Aftermath,Garbodor,569,Weak Armor,1,2,1,2,0
Illusion,,Zorua,570,,1,0,0,1,0
Illusion,,Zoroark,571,,1,0,0,1,0
Cute Charm,Skill Link,Minccino,572,Technician,1,3,3,3,0
Cute Charm,Skill Link,Cinccino,573,Technician,1,3,3,3,0
Frisk,Shadow Tag,Gothita,574,Competitive,2,3,5,5,0
Frisk,Shadow Tag,Gothorita,575,Competitive,2,3,5,5,0
Frisk,Shadow Tag,Gothitelle,576,Competitive,2,3,5,5,0
Overcoat,Regenerator,Solosis,577,Magic Guard,2,4,5,5,0
Overcoat,Regenerator,Duosion,578,Magic Guard,2,4,5,5,0
Overcoat,Regenerator,Reuniclus,579,Magic Guard,2,4,5,5,0
Keen Eye,Hydration,Ducklett,580,Big Pecks,1,1,2,2,0
Keen Eye,Hydration,Swanna,581,Big Pecks,1,1,2,2,0
Ice Body,Weak Armor,Vanillite,582,Snow Cloak,2,1,2,2,0
Ice Body,Weak Armor,Vanillish,583,Snow Cloak,2,1,2,2,0
Ice Body,Weak Armor,Vanilluxe,584,Snow Warning,2,5,2,5,0
Chlorophyll,Serene Grace,Deerling,585,Sap Sipper,4,3,3,4,0
Chlorophyll,Serene Grace,Sawsbuck,586,Sap Sipper,4,3,3,4,0
Static,Motor Drive,Emolga,587,,2,0,3,3,0
Swarm,No Guard,Karrablast,588,Shed Skin,1,3,1,3,0
Swarm,Overcoat,Escavalier,589,Shell Armor,1,1,2,2,0
Effect Spore,Regenerator,Foongus,590,,2,0,5,5,0
Effect Spore,Regenerator,Amoonguss,591,,2,0,5,5,0
Water Absorb,Damp,Frillish,592,Cursed Body,3,2,1,3,0
Water Absorb,Damp,Jellicent,593,Cursed Body,3,2,1,3,0
Healer,Regenerator,Alomomola,594,Hydration,1,2,5,5,0
Compound Eyes,Swarm,Joltik,595,Unnerve,1,2,1,2,0
Compound Eyes,Swarm,Galvantula,596,Unnerve,1,2,1,2,0
Iron Barbs,,Ferroseed,597,,2,0,0,2,0
Iron Barbs,Anticipation,Ferrothorn,598,,2,0,1,2,0
Plus,Clear Body,Klink,599,Minus,1,1,1,1,0
Plus,Clear Body,Klang,600,Minus,1,1,1,1,0
Plus,Clear Body,Klinklang,601,Minus,1,1,1,1,0
Levitate,,Tynamo,602,,5,0,0,5,0
Levitate,,Eelektrik,603,,5,0,0,5,0
Levitate,,Eelektross,604,,5,0,0,5,0
Telepathy,Analytic,Elgyem,605,Synchronize,1,2,2,2,0
Telepathy,Analytic,Beheeyem,606,Synchronize,1,2,2,2,0
Flash Fire,Infiltrator,Litwick,607,Flame Body,3,2,1,3,0
Flash Fire,Infiltrator,Lampent,608,Flame Body,3,2,1,3,0
Flash Fire,Infiltrator,Chandelure,609,Flame Body,3,2,1,3,0
Rivalry,Unnerve,Axew,610,Mold Breaker,1,4,2,4,0
Rivalry,Unnerve,Fraxure,611,Mold Breaker,1,4,2,4,0
Rivalry,Unnerve,Haxorus,612,Mold Breaker,1,4,2,4,0
Snow Cloak,Rattled,Cubchoo,613,Slush Rush,1,4,2,4,0
Snow Cloak,Swift Swim,Beartic,614,Slush Rush,1,4,4,4,0
Levitate,,Cryogonal,615,,5,0,0,5,0
Hydration,Overcoat,Shelmet,616,Shell Armor,2,1,2,2,0
Hydration,Unburden,Accelgor,617,Sticky Hold,2,1,4,4,0
Static,Sand Veil,Stunfisk,618,Limber,2,1,1,2,0
Inner Focus,Reckless,Mienfoo,619,Regenerator,1,5,3,5,0
Inner Focus,Reckless,Mienshao,620,Regenerator,1,5,3,5,0
Rough Skin,Mold Breaker,Druddigon,621,Sheer Force,2,3,4,4,0
Iron Fist,No Guard,Golett,622,Klutz,3,-2,1,3,1
Iron Fist,No Guard,Golurk,623,Klutz,3,-2,1,3,1
Defiant,Pressure,Pawniard,624,Inner Focus,3,1,2,3,0
Defiant,Pressure,Bisharp,625,Inner Focus,3,1,2,3,0
Reckless,Soundproof,Bouffalant,626,Sap Sipper,3,3,1,3,0
Keen Eye,Hustle,Rufflet,627,Sheer Force,1,3,3,3,0
Keen Eye,Defiant,Braviary,628,Sheer Force,1,3,3,3,0
Big Pecks,Weak Armor,Vullaby,629,Overcoat,1,2,2,2,0
Big Pecks,Weak Armor,Mandibuzz,630,Overcoat,1,2,2,2,0
Gluttony,White Smoke,Heatmor,631,Flash Fire,1,3,1,3,0
Swarm,Truant,Durant,632,Hustle,1,3,-3,3,1
Hustle,,Deino,633,,3,0,0,3,0
Hustle,,Zweilous,634,,3,0,0,3,0
Levitate,,Hydreigon,635,,5,0,0,5,0
Flame Body,Swarm,Larvesta,636,,2,0,1,2,0
Flame Body,Swarm,Volcarona,637,,2,0,1,2,0
Justified,,Cobalion,638,,2,0,0,2,0
Justified,,Terrakion,639,,2,0,0,2,0
Justified,,Virizion,640,,2,0,0,2,0
Turboblaze,,Reshiram,643,,1,0,0,1,0
Teravolt,,Zekrom,644,,1,0,0,1,0
Pressure,,Kyurem,646,,2,0,0,2,0
Justified,,Keldeo Ordinary Form,647,,2,0,0,2,0
Justified,,Keldeo Resolute Form,647,,2,0,0,2,0
Download,,Genesect,649,,4,0,0,4,0
Overgrow,Bulletproof,Chespin,650,,1,0,1,1,0
Overgrow,Bulletproof,Quilladin,651,,1,0,1,1,0
Overgrow,Bulletproof,Chesnaught,652,,1,0,1,1,0
Blaze,Magician,Fennekin,653,,1,0,5,5,0
Blaze,Magician,Braixen,654,,1,0,5,5,0
Blaze,Magician,Delphox,655,,1,0,5,5,0
Torrent,Protean,Froakie,656,,1,0,5,5,0
Torrent,Protean,Frogadier,657,,1,0,5,5,0
Torrent,Protean,Greninja,658,,1,0,5,5,0
Torrent,Protean,Greninja Ash-Greninja,658,,1,0,5,5,0
Pickup,Huge Power,Bunnelby,659,Cheek Pouch,1,1,5,5,0
Pickup,Huge Power,Diggersby,660,Cheek Pouch,1,1,5,5,0
Big Pecks,Gale Wings,Fletchling,661,,1,0,4,4,0
Flame Body,Gale Wings,Fletchinder,662,,2,0,4,4,0
Flame Body,Gale Wings,Talonflame,663,,2,0,4,4,0
Shield Dust,Friend Guard,Scatterbug,664,Compound Eyes,1,1,1,1,0
Shed Skin,Friend Guard,Spewpa,665,,3,0,1,3,0
Shield Dust,Friend Guard,Vivillon,666,Compound Eyes,1,1,1,1,0
Rivalry,Moxie,Litleo,667,Unnerve,1,2,3,3,0
Rivalry,Moxie,Pyroar,668,Unnerve,1,2,3,3,0
Flower Veil,Symbiosis,Flabébé,669,,1,0,1,1,0
Flower Veil,Symbiosis,Floette,670,,1,0,1,1,0
Flower Veil,Symbiosis,Florges,671,,1,0,1,1,0
Sap Sipper,Grass Pelt,Skiddo,672,,3,0,1,3,0
Sap Sipper,Grass Pelt,Gogoat,673,,3,0,1,3,0
Iron Fist,Scrappy,Pancham,674,Mold Breaker,3,4,2,4,0
Iron Fist,Scrappy,Pangoro,675,Mold Breaker,3,4,2,4,0
Fur Coat,,Furfrou,676,,3,0,0,3,0
Keen Eye,Own Tempo,Espurr,677,Infiltrator,1,1,2,2,0
Keen Eye,Prankster,Meowstic Male,678,Infiltrator,1,1,4,4,0
Keen Eye,Competitive,Meowstic Female,678,Infiltrator,1,1,3,3,0
No Guard,,Honedge,679,,1,0,0,1,0
No Guard,,Doublade,680,,1,0,0,1,0
Stance Change,,Aegislash Shield Forme,681,,1,0,0,1,0
Healer,Aroma Veil,Spritzee,682,,1,0,1,1,0
Healer,Aroma Veil,Aromatisse,683,,1,0,1,1,0
Sweet Veil,Unburden,Swirlix,684,,1,0,4,4,0
Sweet Veil,Unburden,Slurpuff,685,,1,0,4,4,0
Contrary,Infiltrator,Inkay,686,Suction Cups,4,1,1,4,0
Contrary,Infiltrator,Malamar,687,Suction Cups,4,1,1,4,0
Tough Claws,Pickpocket,Binacle,688,Sniper,4,2,1,4,0
Tough Claws,Pickpocket,Barbaracle,689,Sniper,4,2,1,4,0
Poison Point,Adaptability,Skrelp,690,Poison Touch,2,1,4,4,0
Poison Point,Adaptability,Dragalge,691,Poison Touch,2,1,4,4,0
Mega Launcher,,Clauncher,692,,3,0,0,3,0
Mega Launcher,,Clawitzer,693,,3,0,0,3,0
Dry Skin,Solar Power,Helioptile,694,Sand Veil,2,1,2,2,0
Dry Skin,Solar Power,Heliolisk,695,Sand Veil,2,1,2,2,0
Strong Jaw,Sturdy,Tyrunt,696,,3,0,1,3,0
Strong Jaw,Rock Head,Tyrantrum,697,,3,0,3,3,0
Refrigerate,Snow Warning,Amaura,698,,4,0,5,5,0
Refrigerate,Snow Warning,Aurorus,699,,4,0,5,5,0
Cute Charm,Pixilate,Sylveon,700,,1,0,4,4,0
Limber,Mold Breaker,Hawlucha,701,Unburden,1,4,4,4,0
Cheek Pouch,Plus,Dedenne,702,Pickup,1,1,1,1,0
Clear Body,Sturdy,Carbink,703,,1,0,1,1,0
Sap Sipper,Gooey,Goomy,704,Hydration,3,2,3,3,0
Sap Sipper,Gooey,Sliggoo,705,Hydration,3,2,3,3,0
Sap Sipper,Gooey,Goodra,706,Hydration,3,2,3,3,0
Prankster,Magician,Klefki,707,,4,0,5,5,0
Natural Cure,Harvest,Phantump,708,Frisk,3,2,2,3,0
Natural Cure,Harvest,Trevenant,709,Frisk,3,2,2,3,0
Pickup,Insomnia,Pumpkaboo Average Size,710,Frisk,1,2,1,2,0
Pickup,Insomnia,Gourgeist Average Size,711,Frisk,1,2,1,2,0
Own Tempo,Sturdy,Bergmite,712,Ice Body,2,2,1,2,0
Own Tempo,Sturdy,Avalugg,713,Ice Body,2,2,1,2,0
Frisk,Telepathy,Noibat,714,Infiltrator,2,1,1,2,0
Frisk,Telepathy,Noivern,715,Infiltrator,2,1,1,2,0
Fairy Aura,,Xerneas,716,,1,0,0,1,0
Dark Aura,,Yveltal,717,,1,0,0,1,0
Clear Body,,Diancie,719,,1,0,0,1,0
Magician,,Hoopa Hoopa Confined,720,,5,0,0,5,0
Magician,,Hoopa Hoopa Unbound,720,,5,0,0,5,0
Water Absorb,,Volcanion,721,,3,0,0,3,0
Overgrow,Long Reach,Rowlet,722,,1,0,1,1,0
Overgrow,Long Reach,Dartrix,723,,1,0,1,1,0
Overgrow,Long Reach,Decidueye,724,,1,0,1,1,0
Blaze,Intimidate,Litten,725,,1,0,5,5,0
Blaze,Intimidate,Torracat,726,,1,0,5,5,0
Blaze,Intimidate,Incineroar,727,,1,0,5,5,0
Torrent,Liquid Voice,Popplio,728,,1,0,1,1,0
Torrent,Liquid Voice,Brionne,729,,1,0,1,1,0
Torrent,Liquid Voice,Primarina,730,,1,0,1,1,0
Keen Eye,Pickup,Pikipek,731,Skill Link,1,3,1,3,0
Keen Eye,Pickup,Trumbeak,732,Skill Link,1,3,1,3,0
Keen Eye,Sheer Force,Toucannon,733,Skill Link,1,3,3,3,0
Stakeout,Adaptability,Yungoos,734,Strong Jaw,3,3,4,4,0
Stakeout,Adaptability,Gumshoos,735,Strong Jaw,3,3,4,4,0
Swarm,,Grubbin,736,,1,0,0,1,0
Battery,,Charjabug,737,,1,0,0,1,0
Levitate,,Vikavolt,738,,5,0,0,5,0
Hyper Cutter,Anger Point,Crabrawler,739,Iron Fist,1,3,2,3,0
Hyper Cutter,Anger Point,Crabominable,740,Iron Fist,1,3,2,3,0
Dancer,,Oricorio Baile Style,741,,1,0,0,1,0
Dancer,,Oricorio Pom-Pom Style,741,,1,0,0,1,0
Dancer,,Oricorio Pa'u Style,741,,1,0,0,1,0
Dancer,,Oricorio Sensu Style,741,,1,0,0,1,0
Honey Gather,Sweet Veil,Cutiefly,742,Shield Dust,1,1,1,1,0
Honey Gather,Sweet Veil,Ribombee,743,Shield Dust,1,1,1,1,0
Keen Eye,Steadfast,Rockruff,744,Vital Spirit,1,1,1,1,0
Keen Eye,Steadfast,Rockruff Own Tempo Rockruff,744,Vital Spirit,1,1,1,1,0
Merciless,Regenerator,Mareanie,747,Limber,2,1,5,5,0
Merciless,Regenerator,Toxapex,748,Limber,2,1,5,5,0
Own Tempo,Inner Focus,Mudbray,749,Stamina,2,3,1,3,0
Own Tempo,Inner Focus,Mudsdale,750,Stamina,2,3,1,3,0
Water Bubble,Water Absorb,Dewpider,751,,4,0,3,4,0
Water Bubble,Water Absorb,Araquanid,752,,4,0,3,4,0
Leaf Guard,Contrary,Fomantis,753,,1,0,4,4,0
Leaf Guard,Contrary,Lurantis,754,,1,0,4,4,0
Illuminate,Rain Dish,Morelull,755,Effect Spore,1,2,2,2,0
Illuminate,Rain Dish,Shiinotic,756,Effect Spore,1,2,2,2,0
Corrosion,Oblivious,Salandit,757,,3,0,1,3,0
Corrosion,Oblivious,Salazzle,758,,3,0,1,3,0
Fluffy,Cute Charm,Stufful,759,Klutz,1,-2,1,1,1
Fluffy,Unnerve,Bewear,760,Klutz,1,-2,2,2,1
Leaf Guard,Sweet Veil,Bounsweet,761,Oblivious,1,1,1,1,0
Leaf Guard,Sweet Veil,Steenee,762,Oblivious,1,1,1,1,0
Leaf Guard,Sweet Veil,Tsareena,763,Queenly Majesty,1,3,1,3,0
Flower Veil,Natural Cure,Comfey,764,Triage,1,1,3,3,0
Inner Focus,Symbiosis,Oranguru,765,Telepathy,1,1,1,1,0
Receiver,Defiant,Passimian,766,,1,0,3,3,0
Wimp Out,,Wimpod,767,,2,0,0,2,0
Emergency Exit,,Golisopod,768,,2,0,0,2,0
Water Compaction,Sand Veil,Sandygast,769,,2,0,1,2,0
Water Compaction,Sand Veil,Palossand,770,,2,0,1,2,0
Innards Out,Unaware,Pyukumuku,771,,1,0,3,3,0
Battle Armor,,Type: Null,772,,1,0,0,1,0
Rks System,,Silvally,773,,1,0,0,1,0
Shields Down,,Minior Meteor Form,774,,3,0,0,3,0
Shields Down,,Minior Core Form,774,,3,0,0,3,0
Comatose,,Komala,775,,3,0,0,3,0
Shell Armor,,Turtonator,776,,1,0,0,1,0
Iron Barbs,Sturdy,Togedemaru,777,Lightning Rod,2,3,1,3,0
Disguise,,Mimikyu,778,,4,0,0,4,0
Dazzling,Wonder Skin,Bruxish,779,Strong Jaw,3,3,1,3,0
Berserk,Cloud Nine,Drampa,780,Sap Sipper,1,3,2,3,0
Steelworker,,Dhelmise,781,,3,0,0,3,0
Bulletproof,Overcoat,Jangmo-o,782,Soundproof,1,1,2,2,0
Bulletproof,Overcoat,Hakamo-o,783,Soundproof,1,1,2,2,0
Bulletproof,Overcoat,Kommo-o,784,Soundproof,1,1,2,2,0
Electric Surge,Telepathy,Tapu Koko,785,,5,0,1,5,0
Psychic Surge,Telepathy,Tapu Lele,786,,5,0,1,5,0
Grassy Surge,Telepathy,Tapu Bulu,787,,5,0,1,5,0
Misty Surge,Telepathy,Tapu Fini,788,,5,0,1,5,0
Unaware,,Cosmog,789,,3,0,0,3,0
Sturdy,,Cosmoem,790,,1,0,0,1,0
Full Metal Body,,Solgaleo,791,,3,0,0,3,0
Shadow Shield,,Lunala,792,,4,0,0,4,0
Beast Boost,,Nihilego,793,,4,0,0,4,0
Beast Boost,,Buzzwole,794,,4,0,0,4,0
Beast Boost,,Pheromosa,795,,4,0,0,4,0
Beast Boost,,Xurkitree,796,,4,0,0,4,0
Beast Boost,,Celesteela,797,,4,0,0,4,0
Beast Boost,,Kartana,798,,4,0,0,4,0
Beast Boost,,Guzzlord,799,,4,0,0,4,0
Prism Armor,,Necrozma,800,,3,0,0,3,0
Soul Heart,,Magearna,801,,4,0,0,4,0
Technician,,Marshadow,802,,3,0,0,3,0
Beast Boost,,Poipole,803,,4,0,0,4,0
Beast Boost,,Naganadel,804,,4,0,0,4,0
Beast Boost,,Stakataka,805,,4,0,0,4,0
Beast Boost,,Blacephalon,806,,4,0,0,4,0
Volt Absorb,,Zeraora,807,,3,0,0,3,0
Magnet Pull,,Meltan,808,,1,0,0,1,0
Iron Fist,,Melmetal,809,,3,0,0,3,0
Overgrow,Grassy Surge,Grookey,810,,1,0,5,5,0
Overgrow,Grassy Surge,Thwackey,811,,1,0,5,5,0
Overgrow,Grassy Surge,Rillaboom,812,,1,0,5,5,0
Blaze,Libero,Scorbunny,813,,1,0,1,1,0
Blaze,Libero,Raboot,814,,1,0,1,1,0
Blaze,Libero,Cinderace,815,,1,0,1,1,0
Torrent,Sniper,Sobble,816,,1,0,2,2,0
Torrent,Sniper,Drizzile,817,,1,0,2,2,0
Torrent,Sniper,Inteleon,818,,1,0,2,2,0
Cheek Pouch,Gluttony,Skwovet,819,,1,0,1,1,0
Cheek Pouch,Gluttony,Greedent,820,,1,0,1,1,0
Keen Eye,Big Pecks,Rookidee,821,Unnerve,1,2,1,2,0
Keen Eye,Big Pecks,Corvisquire,822,Unnerve,1,2,1,2,0
Pressure,Mirror Armor,Corviknight,823,Unnerve,2,2,3,3,0
Swarm,Telepathy,Blipbug,824,Compound Eyes,1,1,1,1,0
Swarm,Telepathy,Dottler,825,Compound Eyes,1,1,1,1,0
Swarm,Telepathy,Orbeetle,826,Frisk,1,2,1,2,0
Run Away,Stakeout,Nickit,827,Unburden,1,4,3,4,0
Run Away,Stakeout,Thievul,828,Unburden,1,4,3,4,0
Cotton Down,Effect Spore,Gossifleur,829,Regenerator,2,5,2,5,0
Cotton Down,Effect Spore,Eldegoss,830,Regenerator,2,5,2,5,0
Fluffy,Bulletproof,Wooloo,831,Run Away,1,1,1,1,0
Fluffy,Bulletproof,Dubwool,832,Steadfast,1,1,1,1,0
Strong Jaw,Swift Swim,Chewtle,833,Shell Armor,3,1,4,4,0
Strong Jaw,Swift Swim,Drednaw,834,Shell Armor,3,1,4,4,0
Ball Fetch,Rattled,Yamper,835,,1,0,2,2,0
Strong Jaw,Competitive,Boltund,836,,3,0,3,3,0
Steam Engine,Flash Fire,Rolycoly,837,Heatproof,3,2,3,3,0
Steam Engine,Flash Fire,Carkol,838,Flame Body,3,2,3,3,0
Steam Engine,Flash Fire,Coalossal,839,Flame Body,3,2,3,3,0
Ripen,Bulletproof,Applin,840,Gluttony,2,1,1,2,0
Ripen,Hustle,Flapple,841,Gluttony,2,1,3,3,0
Ripen,Thick Fat,Appletun,842,Gluttony,2,1,3,3,0
Sand Spit,Sand Veil,Silicobra,843,Shed Skin,1,3,1,3,0
Sand Spit,Sand Veil,Sandaconda,844,Shed Skin,1,3,1,3,0
Gulp Missile,,Cramorant,845,,2,0,0,2,0
Swift Swim,Propeller Tail,Arrokuda,846,,4,0,2,4,0
Swift Swim,Propeller Tail,Barraskewda,847,,4,0,2,4,0
Rattled,Klutz,Toxel,848,Static,2,2,-2,2,1
Flash Fire,Flame Body,Sizzlipede,850,White Smoke,3,1,2,3,0
Flash Fire,Flame Body,Centiskorch,851,White Smoke,3,1,2,3,0
Limber,Technician,Clobbopus,852,,1,0,3,3,0
Limber,Technician,Grapploct,853,,1,0,3,3,0
Weak Armor,Cursed Body,Sinistea,854,,2,0,2,2,0
Weak Armor,Cursed Body,Polteageist,855,,2,0,2,2,0
Healer,Magic Bounce,Hatenna,856,Anticipation,1,1,5,5,0
Healer,Magic Bounce,Hattrem,857,Anticipation,1,1,5,5,0
Healer,Magic Bounce,Hatterene,858,Anticipation,1,1,5,5,0
Prankster,Pickpocket,Impidimp,859,Frisk,4,2,1,4,0
Prankster,Pickpocket,Morgrem,860,Frisk,4,2,1,4,0
Prankster,Pickpocket,Grimmsnarl,861,Frisk,4,2,1,4,0
Reckless,Defiant,Obstagoon,862,Guts,3,3,3,3,0
Battle Armor,Steely Spirit,Perrserker,863,Tough Claws,1,4,1,4,0
Weak Armor,Perish Body,Cursola,864,,2,0,1,2,0
Steadfast,Scrappy,Sirfetch'd,865,,1,0,2,2,0
Tangled Feet,Ice Body,Mr. Rime,866,Screen Cleaner,1,1,2,2,0
Wandering Spirit,,Runerigus,867,,1,0,0,1,0
Sweet Veil,Aroma Veil,Milcery,868,,1,0,1,1,0
Sweet Veil,Aroma Veil,Alcremie,869,,1,0,1,1,0
Battle Armor,Defiant,Falinks,870,,1,0,3,3,0
Lightning Rod,Electric Surge,Pincurchin,871,,3,0,5,5,0
Shield Dust,Ice Scales,Snom,872,,1,0,3,3,0
Shield Dust,Ice Scales,Frosmoth,873,,1,0,3,3,0
Power Spot,,Stonjourner,874,,2,0,0,2,0
Inner Focus,Psychic Surge,Indeedee Male,876,Synchronize,1,2,5,5,0
Own Tempo,Psychic Surge,Indeedee Female,876,Synchronize,2,2,5,5,0
Sheer Force,Heavy Metal,Cufant,878,,3,0,-1,3,0
Sheer Force,Heavy Metal,Copperajah,879,,3,0,-1,3,0
Volt Absorb,Sand Rush,Dracozolt,880,Hustle,3,3,4,4,0
Volt Absorb,Slush Rush,Arctozolt,881,Static,3,2,4,4,0
Water Absorb,Sand Rush,Dracovish,882,Strong Jaw,3,3,4,4,0
Water Absorb,Slush Rush,Arctovish,883,Ice Body,3,2,4,4,0
Light Metal,Stalwart,Duraludon,884,Heavy Metal,1,-1,2,2,0
Clear Body,Cursed Body,Dreepy,885,Infiltrator,1,1,2,2,0
Clear Body,Cursed Body,Drakloak,886,Infiltrator,1,1,2,2,0
Clear Body,Cursed Body,Dragapult,887,Infiltrator,1,1,2,2,0
Intrepid Sword,,Zacian Hero of Many Battles,888,,4,0,0,4,0
Dauntless Shield,,Zamazenta Hero of Many Battles,889,,4,0,0,4,0
Pressure,,Eternatus,890,,2,0,0,2,0
Inner Focus,,Kubfu,891,,1,0,0,1,0
Unseen Fist,,Urshifu Single Strike Style,892,,1,0,0,1,0
Unseen Fist,,Urshifu Rapid Strike Style,892,,1,0,0,1,0
Leaf Guard,,Zarude,893,,1,0,0,1,0
Transistor,,Regieleki,894,,4,0,0,4,0
Dragons Maw,,Regidrago,895,,1,0,0,1,0
Chilling Neigh,,Glastrier,896,,1,0,0,1,0
Grim Neigh,,Spectrier,897,,1,0,0,1,0
Unnerve,,Calyrex,898,,2,0,0,2,0
Unnerve,,Calyrex Ice Rider,898,,2,0,0,2,0
Unnerve,,Calyrex Shadow Rider,898,,2,0,0,2,0
Intimidate,Sap Sipper,Wyrdeer,899,Frisk,5,2,3,5,0
Swarm,Sharpness,Kleavor,900,Sheer Force,1,3,1,3,0
Guts,Unnerve,Ursaluna,901,Bulletproof,3,1,2,3,0
Swift Swim,Mold Breaker,Basculegion Male,902,Adaptability,4,4,4,4,0
Swift Swim,Mold Breaker,Basculegion Female,902,Adaptability,4,4,4,4,0
Pressure,Poison Touch,Sneasler,903,Unburden,2,4,1,4,0
Poison Point,Intimidate,Overqwil,904,Swift Swim,2,4,5,5,0
Overgrow,Protean,Sprigatito,906,,1,0,5,5,0
Overgrow,Protean,Floragato,907,,1,0,5,5,0
Overgrow,Protean,Meowscarada,908,,1,0,5,5,0
Blaze,Unaware,Fuecoco,909,,1,0,3,3,0
Blaze,Unaware,Crocalor,910,,1,0,3,3,0
Blaze,Unaware,Skeledirge,911,,1,0,3,3,0
Torrent,Moxie,Quaxly,912,,1,0,3,3,0
Torrent,Moxie,Quaxwell,913,,1,0,3,3,0
Torrent,Moxie,Quaquaval,914,,1,0,3,3,0
Aroma Veil,Thick Fat,Lechonk,915,Gluttony,1,1,3,3,0
Lingering Aroma,Thick Fat,Oinkologne Male,916,Gluttony,1,1,3,3,0
Aroma Veil,Thick Fat,Oinkologne Female,916,Gluttony,1,1,3,3,0
Insomnia,Stakeout,Tarountula,917,,1,0,3,3,0
Insomnia,Stakeout,Spidops,918,,1,0,3,3,0
Swarm,Tinted Lens,Nymble,919,,1,0,4,4,0
Swarm,Tinted Lens,Lokix,920,,1,0,4,4,0
Static,Iron Fist,Pawmi,921,Natural Cure,2,3,3,3,0
Volt Absorb,Iron Fist,Pawmo,922,Natural Cure,3,3,3,3,0
Volt Absorb,Iron Fist,Pawmot,923,Natural Cure,3,3,3,3,0
Run Away,Own Tempo,Tandemaus,924,Pickup,1,1,2,2,0
Friend Guard,Technician,Maushold Family of Four,925,Cheek Pouch,1,1,3,3,0
Friend Guard,Technician,Maushold Family of Three,925,Cheek Pouch,1,1,3,3,0
Own Tempo,Klutz,Fidough,926,,2,0,-2,2,1
Well Baked Body,Aroma Veil,Dachsbun,927,,1,0,1,1,0
Early Bird,Harvest,Smoliv,928,,1,0,2,2,0
Early Bird,Harvest,Dolliv,929,,1,0,2,2,0
Seed Sower,Harvest,Arboliva,930,,1,0,2,2,0
Intimidate,Guts,Squawkabilly Green Plumage,931,Hustle,5,3,3,5,0
Purifying Salt,Clear Body,Nacli,932,Sturdy,1,1,1,1,0
Purifying Salt,Clear Body,Naclstack,933,Sturdy,1,1,1,1,0
Purifying Salt,Clear Body,Garganacl,934,Sturdy,1,1,1,1,0
Flash Fire,Flame Body,Charcadet,935,,3,0,2,3,0
Flash Fire,Weak Armor,Armarouge,936,,3,0,2,3,0
Flash Fire,Weak Armor,Ceruledge,937,,3,0,2,3,0
Own Tempo,Damp,Tadbulb,938,Static,2,2,1,2,0
Electromorphosis,Damp,Bellibolt,939,Static,1,2,1,2,0
Wind Power,Competitive,Wattrel,940,Volt Absorb,1,3,3,3,0
Wind Power,Competitive,Kilowattrel,941,Volt Absorb,1,3,3,3,0
Intimidate,Stakeout,Maschiff,942,Run Away,5,1,3,5,0
Intimidate,Stakeout,Mabosstiff,943,Guard Dog,5,1,3,5,0
Unburden,Prankster,Shroodle,944,Pickpocket,4,1,4,4,0
Unburden,Prankster,Grafaiai,945,Poison Touch,4,1,4,4,0
Wind Rider,Infiltrator,Bramblin,946,,1,0,1,1,0
Wind Rider,Infiltrator,Brambleghast,947,,1,0,1,1,0
Mycelium Might,,Toedscool,948,,1,0,0,1,0
Mycelium Might,,Toedscruel,949,,1,0,0,1,0
Anger Shell,Regenerator,Klawf,950,Shell Armor,1,1,5,5,0
Chlorophyll,Klutz,Capsakid,951,Insomnia,4,1,-2,4,1
Chlorophyll,Moody,Scovillain,952,Insomnia,4,1,4,4,0
Compound Eyes,Shed Skin,Rellor,953,,1,0,3,3,0
Synchronize,Telepathy,Rabsca,954,,2,0,1,2,0
Anticipation,Speed Boost,Flittle,955,Frisk,1,2,5,5,0
Opportunist,Speed Boost,Espathra,956,Frisk,1,2,5,5,0
Mold Breaker,Pickpocket,Tinkatink,957,Own Tempo,4,2,1,4,0
Mold Breaker,Pickpocket,Tinkatuff,958,Own Tempo,4,2,1,4,0
Mold Breaker,Pickpocket,Tinkaton,959,Own Tempo,4,2,1,4,0
Gooey,Sand Veil,Wiglett,960,Rattled,3,2,1,3,0
Gooey,Sand Veil,Wugtrio,961,Rattled,3,2,1,3,0
Big Pecks,Rocky Payload,Bombirdier,962,Keen Eye,1,1,1,1,0
Water Veil,,Finizen,963,,1,0,0,1,0
Zero To Hero,,Palafin Zero Form,964,,1,0,0,1,0
Zero To Hero,,Palafin Hero Form,964,,1,0,0,1,0
Overcoat,Slow Start,Varoom,965,,2,0,-3,2,1
Overcoat,Filter,Revavroom,966,,2,0,2,2,0
Shed Skin,Regenerator,Cyclizar,967,,3,0,5,5,0
Earth Eater,Sand Veil,Orthworm,968,,1,0,1,1,0
Toxic Debris,Corrosion,Glimmet,969,,1,0,3,3,0
Toxic Debris,Corrosion,Glimmora,970,,1,0,3,3,0
Pickup,Fluffy,Greavard,971,,1,0,1,1,0
Sand Rush,Fluffy,Houndstone,972,,4,0,1,4,0
Scrappy,Costar,Flamigo,973,Tangled Feet,2,1,1,2,0
Thick Fat,Sheer Force,Cetoddle,974,Snow Cloak,3,1,3,3,0
Thick Fat,Sheer Force,Cetitan,975,Slush Rush,3,4,3,4,0
Mold Breaker,Sharpness,Veluza,976,,4,0,1,4,0
Unaware,Water Veil,Dondozo,977,Oblivious,3,1,1,3,0
Commander,Storm Drain,Tatsugiri Curly Form,978,,1,0,3,3,0
Commander,Storm Drain,Tatsugiri Droopy Form,978,,1,0,3,3,0
Commander,Storm Drain,Tatsugiri Stretchy Form,978,,1,0,3,3,0
Vital Spirit,Defiant,Annihilape,979,Inner Focus,1,1,3,3,0
Poison Point,Unaware,Clodsire,980,Water Absorb,2,3,3,3,0
Cud Chew,Sap Sipper,Farigiraf,981,Armor Tail,1,1,3,3,0
Serene Grace,Rattled,Dudunsparce Two-Segment Form,982,Run Away,3,1,2,3,0
Serene Grace,Rattled,Dudunsparce Three-Segment Form,982,Run Away,3,1,2,3,0
Defiant,Pressure,Kingambit,983,Supreme Overlord,3,1,2,3,0
Protosynthesis,,Great Tusk,984,,1,0,0,1,0
Protosynthesis,,Scream Tail,985,,1,0,0,1,0
Protosynthesis,,Brute Bonnet,986,,1,0,0,1,0
Protosynthesis,,Flutter Mane,987,,1,0,0,1,0
Protosynthesis,,Slither Wing,988,,1,0,0,1,0
Protosynthesis,,Sandy Shocks,989,,1,0,0,1,0
Quark Drive,,Iron Treads,990,,1,0,0,1,0
Quark Drive,,Iron Bundle,991,,1,0,0,1,0
Quark Drive,,Iron Hands,992,,1,0,0,1,0
Quark Drive,,Iron Jugulis,993,,1,0,0,1,0
Quark Drive,,Iron Moth,994,,1,0,0,1,0
Quark Drive,,Iron Thorns,995,,1,0,0,1,0
Thermal Exchange,Ice Body,Frigibax,996,,1,0,2,2,0
Thermal Exchange,Ice Body,Arctibax,997,,1,0,2,2,0
Thermal Exchange,Ice Body,Baxcalibur,998,,1,0,2,2,0
Rattled,,Gimmighoul Chest Form,999,,2,0,0,2,0
Rattled,,Gimmighoul Roaming Form,999,,2,0,0,2,0
Good As Gold,,Gholdengo,1000,,1,0,0,1,0
Tablets Of Ruin,,Wo-Chien,1001,,4,0,0,4,0
Sword Of Ruin,,Chien-Pao,1002,,4,0,0,4,0
Vessel Of Ruin,,Ting-Lu,1003,,4,0,0,4,0
Beads Of Ruin,,Chi-Yu,1004,,4,0,0,4,0
Protosynthesis,,Roaring Moon,1005,,1,0,0,1,0
Quark Drive,,Iron Valiant,1006,,1,0,0,1,0
Orichalcum Pulse,,Koraidon,1007,,5,0,0,5,0
Hadron Engine,,Miraidon,1008,,5,0,0,5,0
Protosynthesis,,Walking Wake,1009,,1,0,0,1,0
Quark Drive,,Iron Leaves,1010,,1,0,0,1,0
